topic_id,top_words
0,student | frontend | thousand | not | will | educational | development | learn | web | product | work | integrate | application | backend | learner
1,aimodellen | werken | ontwikkelen | saman | oplossingen | nieuwe | engineer | klanten | werk | maken | datum | helpen | trainen | developer | team
2,junior | stack | adept | leadership | unblock | cut | codewhisperer | management | escalate | highperformance | roadmap | debug | aware | deel | compliance
3,support | ignitetech | internal | ticket | end | quality | software | upgrade | industry | maintain | workflow | enduser | codewhisperer | create | service
4,model | train | help | code | project | outlier | generative | expertise | software | opportunity | human | freelance | like | lend | previous
5,operational | customer | satisfaction | efficiency | task | advanced | aidriven | system | technical | support | service | automate | enhance | prompt | totogi
6,engineer | software | machine | learn | medior | genai | llm | junior | end | platform | data | developer | frontend | adept | leadership
7,team | solution | work | engineer | product | datum | software | develop | design | development | customer | model | technology | ensure | business
8,annual | modellen | event | health | value | data | insurance | sure | netherlands | regular | professional | medium | online | applicatie | team
9,developer | senior | engineer | datum | data | verantwoordelijk | onderhouden | stack | backend | lead | generatieve | python | ontwerpen | science | schaalbare
